Surname,RandomNumber
Smith,8889
Johnson,7954
Williams,5090
Jones,1868
Brown,8318
Davis,2036
Miller,8691
Wilson,8445
Moore,9914
Taylor,8637
Anderson,6236
Thomas,9985
Jackson,7628
White,9665
Harris,6163
Martin,7066
Thompson,1163
Garcia,5534
Martinez,7033
Robinson,4790
Clark,8538
Rodriguez,6744
Lewis,4955
Lee,2133
Walker,3328
Hall,3925
Allen,8581
Young,6316
King,9764
Wright,9100
Scott,3789
Green,1688
Baker,2988
Adams,5386
Nelson,7569
Carter,5388
Mitchell,7898
Perez,7275
Roberts,6523
Turner,1959
Phillips,2943
Campbell,1031
Parker,1774
Evans,7584
Edwards,5510
Collins,7662
Stewart,9431
Sanchez,4751
Morris,6709
Rogers,2897
Reed,1599
Cook,3348
Morgan,6812
Bell,7426
Murphy,9657
Bailey,7582
Rivera,4434
Cooper,4559
Richardson,9327
Cox,9966
Howard,4860
Ward,1525
Torres,9769
Peterson,7000
Gray,6902
Ramirez,6086
James,7966
Watson,7090
Brooks,8024
Kelly,3228
Sanders,6598
Price,4884
Bennett,2834
Wood,6029
Barnes,1521
Ross,9944
Henderson,3122
Coleman,7179
Jenkins,4014
Perry,3549
Powell,9769
Long,7965
Patterson,3805
Hughes,8658
Flores,4998
Washington,7936
Butler,1874
Simmons,5184
Foster,1589
Gonzales,8456
Bryant,5177
Alexander,6704
Russell,3541
Griffin,1986
Diaz,2699
Hayes,3387
